Workbook

Sheet Assumptions
A1: Fuel-Switching Study — Assumptions
A2: Blue cells are editable inputs. Every downstream sheet recalculates from these — change a value here to test a different assumption.
A4: Parameter | B4: Value | C4: Unit | D4: Notes / source (verify before final use)
A5: Diesel calorific value | B5: 10 | C5: kWh/L | D5: Typical diesel LHV ~36 MJ/L (~42.8 MJ/kg @ ~0.84 kg/L). ASSUMPTION — confirm with fuel supplier or lab test.
A6: Pellet calorific value | B6: 4.7 | C6: kWh/kg | D6: Typical biomass pellet ~17 MJ/kg, moisture-dependent. ASSUMPTION — confirm with supplier spec sheet per plant.
A7: Rice husk calorific value | B7: 3.75 | C7: kWh/kg | D7: Typical raw rice husk ~13.5 MJ/kg (lower than pellet due to ash/moisture). ASSUMPTION — verify, esp. for Sona Packaging.
A8: kcal/hr → kW conversion | B8: 0.001163 | C8: kW per kcal/hr | D8: Standard conversion (1 kWh = 860 kcal).
A9: Pellet hot-air generator efficiency | B9: 0.8 | C9: fraction | D9: Typical industrial biomass hot-air generator. ASSUMPTION — verify by flue-gas test if possible.
A10: Rice husk thermic-oil heater efficiency | B10: 0.7 | C10: fraction | D10: Lower than pellet due to husk ash/moisture content. ASSUMPTION.
A11: Diesel hot-air generator efficiency | B11: 0.82 | C11: fraction | D11: Typical small diesel-fired hot-air generator. ASSUMPTION.
A12: Electric resistance heating efficiency | B12: 0.98 | C12: fraction | D12: Near-unity; small enclosure/duct losses. ASSUMPTION.
A13: Heat pump COP (process temp ≤ 90°C) | B13: 2.8 | C13: - | D13: Indicative industrial heat-pump COP at this lift. ASSUMPTION — confirm against a shortlisted vendor's spec at the actual required lift.
A14: Load band midpoint: 50–75% | B14: 0.625 | C14: fraction | D14: Midpoint of the survey's qualitative load-band answer.
A15: Load band midpoint: 75–100% | B15: 0.875 | C15: fraction | D15: Midpoint of the survey's qualitative load-band answer.
A16: Load band midpoint: Variable / Don't know | B16: 0.5 | C16: fraction | D16: Conservative default only — these units should be prioritised for a follow-up metered reading.

Sheet Cleaned_Units
A1: Cleaned & Normalized Unit-Level Data
A2: One row per heater. Grey columns = raw survey data (unchanged). White columns = calculated from the Assumptions sheet. Flag columns call out rows worth a follow-up call before they go into any model.
A4: Industry | B4: Category | C4: Arrangement | D4: Fuel | E4: Cap (kcal/hr) | F4: Cap (kW, raw) | G4: Cap (kW, normalized) | H4: Load band | I4: Load midpoint | J4: Hours/day | K4: Op. days/yr | L4: Fuel (L/day) | M4: Fuel (kg/day) | N4: Elec (kWh/day) | O4: Fuel energy input (kWh/day) | P4: Assumed efficiency | Q4: Useful heat output (kWh/day) | R4: Rated theoretical output (kWh/day) | S4: Consistency ratio | T4: Consistency flag | U4: Annual thermal energy (kWh/yr) | V4: Annual cost (NPR, as reported) | W4: Avg thermal duty (kW) | X4: Electric-equivalent (kW, resistive) | Y4: Required temp (°C) | Z4: Heat-pump feasible? | AA4: Electric-equivalent (kW, heat pump) | AB4: Possible duplicate/shared-heater flag | AC4: Analyst note
A5: Chandika Print Pack | B5: Printing | C5: Hot air generator | D5: Pellet | E5: 50000 | G5: =IF(F5<>"",F5,IF(E5<>"",E5*Assumptions!$B$8,"")) -> 58.15 | H5: 50–75% | I5: =IF(H5="50–75%",Assumptions!$B$14,IF(H5="75–100%",Assumptions!$B$15,IF(H5="Variable / Don't know",Assumptions!$B$16,""))) -> 0.625 | J5: 10 | K5: 300 | M5: 60 | O5: =IF(D5="Diesel",L5*Assumptions!$B$5,IF(D5="Pellet",M5*Assumptions!$B$6,IF(D5="Rice Husk",M5*Assumptions!$B$7,IF(D5="Electric",N5,"")))) -> 282 | P5: =IF(D5="Electric",Assumptions!$B$12,IF(D5="Pellet",Assumptions!$B$9,IF(D5="Rice Husk",Assumptions!$B$10,IF(D5="Diesel",Assumptions!$B$11,"")))) -> 0.8 | Q5: =IF(AND(ISNUMBER(O5),ISNUMBER(P5)),O5*P5,"") -> 225.6 | R5: =IF(AND(ISNUMBER(G5),ISNUMBER(J5),ISNUMBER(I5)),G5*J5*I5,"") -> 363.4375 | S5: =IFERROR(Q5/R5,"") -> 0.62073947 | T5: =IF(S5="","insufficient data",IF(OR(S5>1.3,S5<0.05),"CHECK – implausible vs rated capacity","plausible")) -> plausible | U5: =IF(AND(ISNUMBER(Q5),ISNUMBER(K5)),Q5*K5,"") -> 67680 | V5: 630000 | W5: =IF(AND(ISNUMBER(Q5),ISNUMBER(J5),J5<>0),Q5/J5,"") -> 22.56 | X5: =IF(ISNUMBER(W5),W5/Assumptions!$B$12,"") -> 23.020408 | Y5: 55 | Z5: =IF(ISNUMBER(Y5),IF(Y5<=90,"Yes","No – high temp"),"Unknown") -> Yes | AA5: =IF(AND(ISNUMBER(W5),Z5="Yes"),W5/Assumptions!$B$13,"N/A") -> 8.0571429 | AB5: =IF(COUNTIFS($A$5:$A$22,A5,$D$5:$D$22,D5,$M$5:$M$22,M5)>1,"Check – possible shared heater","")
A6: Chandika Print Pack | B6: Printing | C6: Hot air generator | D6: Electric | F6: 85 | G6: =IF(F6<>"",F6,IF(E6<>"",E6*Assumptions!$B$8,"")) -> 85 | H6: 50–75% | I6: =IF(H6="50–75%",Assumptions!$B$14,IF(H6="75–100%",Assumptions!$B$15,IF(H6="Variable / Don't know",Assumptions!$B$16,""))) -> 0.625 | J6: 10 | K6: 300 | N6: 25 | O6: =IF(D6="Diesel",L6*Assumptions!$B$5,IF(D6="Pellet",M6*Assumptions!$B$6,IF(D6="Rice Husk",M6*Assumptions!$B$7,IF(D6="Electric",N6,"")))) -> 25 | P6: =IF(D6="Electric",Assumptions!$B$12,IF(D6="Pellet",Assumptions!$B$9,IF(D6="Rice Husk",Assumptions!$B$10,IF(D6="Diesel",Assumptions!$B$11,"")))) -> 0.98 | Q6: =IF(AND(ISNUMBER(O6),ISNUMBER(P6)),O6*P6,"") -> 24.5 | R6: =IF(AND(ISNUMBER(G6),ISNUMBER(J6),ISNUMBER(I6)),G6*J6*I6,"") -> 531.25 | S6: =IFERROR(Q6/R6,"") -> 0.046117647 | T6: =IF(S6="","insufficient data",IF(OR(S6>1.3,S6<0.05),"CHECK – implausible vs rated capacity","plausible")) -> CHECK – implausible vs rated capacity | U6: =IF(AND(ISNUMBER(Q6),ISNUMBER(K6)),Q6*K6,"") -> 7350 | V6: 75000 | W6: =IF(AND(ISNUMBER(Q6),ISNUMBER(J6),J6<>0),Q6/J6,"") -> 2.45 | X6: =IF(ISNUMBER(W6),W6/Assumptions!$B$12,"") -> 2.5 | Y6: 55 | Z6: =IF(ISNUMBER(Y6),IF(Y6<=90,"Yes","No – high temp"),"Unknown") -> Yes | AA6: =IF(AND(ISNUMBER(W6),Z6="Yes"),W6/Assumptions!$B$13,"N/A") -> 0.875 | AB6: =IF(COUNTIFS($A$5:$A$22,A6,$D$5:$D$22,D6,$M$5:$M$22,M6)>1,"Check – possible shared heater","")
A7: Shree Polythene and Plastic udhyog | B7: Printing | C7: Hot air generator | D7: Electric | F7: 90 | G7: =IF(F7<>"",F7,IF(E7<>"",E7*Assumptions!$B$8,"")) -> 90 | H7: 50–75% | I7: =IF(H7="50–75%",Assumptions!$B$14,IF(H7="75–100%",Assumptions!$B$15,IF(H7="Variable / Don't know",Assumptions!$B$16,""))) -> 0.625 | J7: 10 | K7: 290 | N7: 30 | O7: =IF(D7="Diesel",L7*Assumptions!$B$5,IF(D7="Pellet",M7*Assumptions!$B$6,IF(D7="Rice Husk",M7*Assumptions!$B$7,IF(D7="Electric",N7,"")))) -> 30 | P7: =IF(D7="Electric",Assumptions!$B$12,IF(D7="Pellet",Assumptions!$B$9,IF(D7="Rice Husk",Assumptions!$B$10,IF(D7="Diesel",Assumptions!$B$11,"")))) -> 0.98 | Q7: =IF(AND(ISNUMBER(O7),ISNUMBER(P7)),O7*P7,"") -> 29.4 | R7: =IF(AND(ISNUMBER(G7),ISNUMBER(J7),ISNUMBER(I7)),G7*J7*I7,"") -> 562.5 | S7: =IFERROR(Q7/R7,"") -> 0.052266667 | T7: =IF(S7="","insufficient data",IF(OR(S7>1.3,S7<0.05),"CHECK – implausible vs rated capacity","plausible")) -> plausible | U7: =IF(AND(ISNUMBER(Q7),ISNUMBER(K7)),Q7*K7,"") -> 8526 | V7: 87000 | W7: =IF(AND(ISNUMBER(Q7),ISNUMBER(J7),J7<>0),Q7/J7,"") -> 2.94 | X7: =IF(ISNUMBER(W7),W7/Assumptions!$B$12,"") -> 3 | Y7: 60 | Z7: =IF(ISNUMBER(Y7),IF(Y7<=90,"Yes","No – high temp"),"Unknown") -> Yes | AA7: =IF(AND(ISNUMBER(W7),Z7="Yes"),W7/Assumptions!$B$13,"N/A") -> 1.05 | AB7: =IF(COUNTIFS($A$5:$A$22,A7,$D$5:$D$22,D7,$M$5:$M$22,M7)>1,"Check – possible shared heater","")
A8: Shree Polythene and Plastic udhyog | B8: Printing | C8: Hot air generator | D8: Diesel | E8: 50000 | G8: =IF(F8<>"",F8,IF(E8<>"",E8*Assumptions!$B$8,"")) -> 58.15 | H8: 50–75% | I8: =IF(H8="50–75%",Assumptions!$B$14,IF(H8="75–100%",Assumptions!$B$15,IF(H8="Variable / Don't know",Assumptions!$B$16,""))) -> 0.625 | J8: 10 | K8: 290 | L8: 10 | O8: =IF(D8="Diesel",L8*Assumptions!$B$5,IF(D8="Pellet",M8*Assumptions!$B$6,IF(D8="Rice Husk",M8*Assumptions!$B$7,IF(D8="Electric",N8,"")))) -> 100 | P8: =IF(D8="Electric",Assumptions!$B$12,IF(D8="Pellet",Assumptions!$B$9,IF(D8="Rice Husk",Assumptions!$B$10,IF(D8="Diesel",Assumptions!$B$11,"")))) -> 0.82 | Q8: =IF(AND(ISNUMBER(O8),ISNUMBER(P8)),O8*P8,"") -> 82 | R8: =IF(AND(ISNUMBER(G8),ISNUMBER(J8),ISNUMBER(I8)),G8*J8*I8,"") -> 363.4375 | S8: =IFERROR(Q8/R8,"") -> 0.22562339 | T8: =IF(S8="","insufficient data",IF(OR(S8>1.3,S8<0.05),"CHECK – implausible vs rated capacity","plausible")) -> plausible | U8: =IF(AND(ISNUMBER(Q8),ISNUMBER(K8)),Q8*K8,"") -> 23780 | V8: 580000 | W8: =IF(AND(ISNUMBER(Q8),ISNUMBER(J8),J8<>0),Q8/J8,"") -> 8.2 | X8: =IF(ISNUMBER(W8),W8/Assumptions!$B$12,"") -> 8.3673469 | Y8: 50 | Z8: =IF(ISNUMBER(Y8),IF(Y8<=90,"Yes","No – high temp"),"Unknown") -> Yes | AA8: =IF(AND(ISNUMBER(W8),Z8="Yes"),W8/Assumptions!$B$13,"N/A") -> 2.9285714 | AB8: =IF(COUNTIFS($A$5:$A$22,A8,$D$5:$D$22,D8,$M$5:$M$22,M8)>1,"Check – possible shared heater","")
A9: National Plastic Industry | B9: Printing | C9: Hot air generator | D9: Electric | F9: 80 | G9: =IF(F9<>"",F9,IF(E9<>"",E9*Assumptions!$B$8,"")) -> 80 | H9: 75–100% | I9: =IF(H9="50–75%",Assumptions!$B$14,IF(H9="75–100%",Assumptions!$B$15,IF(H9="Variable / Don't know",Assumptions!$B$16,""))) -> 0.875 | J9: 10 | K9: 300 | N9: 28 | O9: =IF(D9="Diesel",L9*Assumptions!$B$5,IF(D9="Pellet",M9*Assumptions!$B$6,IF(D9="Rice Husk",M9*Assumptions!$B$7,IF(D9="Electric",N9,"")))) -> 28 | P9: =IF(D9="Electric",Assumptions!$B$12,IF(D9="Pellet",Assumptions!$B$9,IF(D9="Rice Husk",Assumptions!$B$10,IF(D9="Diesel",Assumptions!$B$11,"")))) -> 0.98 | Q9: =IF(AND(ISNUMBER(O9),ISNUMBER(P9)),O9*P9,"") -> 27.44 | R9: =IF(AND(ISNUMBER(G9),ISNUMBER(J9),ISNUMBER(I9)),G9*J9*I9,"") -> 700 | S9: =IFERROR(Q9/R9,"") -> 0.0392 | T9: =IF(S9="","insufficient data",IF(OR(S9>1.3,S9<0.05),"CHECK – implausible vs rated capacity","plausible")) -> CHECK – implausible vs rated capacity | U9: =IF(AND(ISNUMBER(Q9),ISNUMBER(K9)),Q9*K9,"") -> 8232 | V9: 80640 | W9: =IF(AND(ISNUMBER(Q9),ISNUMBER(J9),J9<>0),Q9/J9,"") -> 2.744 | X9: =IF(ISNUMBER(W9),W9/Assumptions!$B$12,"") -> 2.8 | Y9: 55 | Z9: =IF(ISNUMBER(Y9),IF(Y9<=90,"Yes","No – high temp"),"Unknown") -> Yes | AA9: =IF(AND(ISNUMBER(W9),Z9="Yes"),W9/Assumptions!$B$13,"N/A") -> 0.98 | AB9: =IF(COUNTIFS($A$5:$A$22,A9,$D$5:$D$22,D9,$M$5:$M$22,M9)>1,"Check – possible shared heater","")
A10: Godawari Printng | B10: Printing | C10: Hot air generator | D10: Electric | F10: 90 | G10: =IF(F10<>"",F10,IF(E10<>"",E10*Assumptions!$B$8,"")) -> 90 | H10: 50–75% | I10: =IF(H10="50–75%",Assumptions!$B$14,IF(H10="75–100%",Assumptions!$B$15,IF(H10="Variable / Don't know",Assumptions!$B$16,""))) -> 0.625 | J10: 10 | K10: 285 | N10: 38 | O10: =IF(D10="Diesel",L10*Assumptions!$B$5,IF(D10="Pellet",M10*Assumptions!$B$6,IF(D10="Rice Husk",M10*Assumptions!$B$7,IF(D10="Electric",N10,"")))) -> 38 | P10: =IF(D10="Electric",Assumptions!$B$12,IF(D10="Pellet",Assumptions!$B$9,IF(D10="Rice Husk",Assumptions!$B$10,IF(D10="Diesel",Assumptions!$B$11,"")))) -> 0.98 | Q10: =IF(AND(ISNUMBER(O10),ISNUMBER(P10)),O10*P10,"") -> 37.24 | R10: =IF(AND(ISNUMBER(G10),ISNUMBER(J10),ISNUMBER(I10)),G10*J10*I10,"") -> 562.5 | S10: =IFERROR(Q10/R10,"") -> 0.066204444 | T10: =IF(S10="","insufficient data",IF(OR(S10>1.3,S10<0.05),"CHECK – implausible vs rated capacity","plausible")) -> plausible | U10: =IF(AND(ISNUMBER(Q10),ISNUMBER(K10)),Q10*K10,"") -> 10613.4 | V10: 103968 | W10: =IF(AND(ISNUMBER(Q10),ISNUMBER(J10),J10<>0),Q10/J10,"") -> 3.724 | X10: =IF(ISNUMBER(W10),W10/Assumptions!$B$12,"") -> 3.8 | Y10: 50 | Z10: =IF(ISNUMBER(Y10),IF(Y10<=90,"Yes","No – high temp"),"Unknown") -> Yes | AA10: =IF(AND(ISNUMBER(W10),Z10="Yes"),W10/Assumptions!$B$13,"N/A") -> 1.33 | AB10: =IF(COUNTIFS($A$5:$A$22,A10,$D$5:$D$22,D10,$M$5:$M$22,M10)>1,"Check – possible shared heater","")
A11: Sona Packaging | B11: Printing | C11: Thermic oil | D11: Rice Husk | E11: 1000000 | G11: =IF(F11<>"",F11,IF(E11<>"",E11*Assumptions!$B$8,"")) -> 1163 | H11: 50–75% | I11: =IF(H11="50–75%",Assumptions!$B$14,IF(H11="75–100%",Assumptions!$B$15,IF(H11="Variable / Don't know",Assumptions!$B$16,""))) -> 0.625 | J11: 24 | K11: 300 | M11: 3000 | O11: =IF(D11="Diesel",L11*Assumptions!$B$5,IF(D11="Pellet",M11*Assumptions!$B$6,IF(D11="Rice Husk",M11*Assumptions!$B$7,IF(D11="Electric",N11,"")))) -> 11250 | P11: =IF(D11="Electric",Assumptions!$B$12,IF(D11="Pellet",Assumptions!$B$9,IF(D11="Rice Husk",Assumptions!$B$10,IF(D11="Diesel",Assumptions!$B$11,"")))) -> 0.7 | Q11: =IF(AND(ISNUMBER(O11),ISNUMBER(P11)),O11*P11,"") -> 7875 | R11: =IF(AND(ISNUMBER(G11),ISNUMBER(J11),ISNUMBER(I11)),G11*J11*I11,"") -> 17445 | S11: =IFERROR(Q11/R11,"") -> 0.45141874 | T11: =IF(S11="","insufficient data",IF(OR(S11>1.3,S11<0.05),"CHECK – implausible vs rated capacity","plausible")) -> plausible | U11: =IF(AND(ISNUMBER(Q11),ISNUMBER(K11)),Q11*K11,"") -> 2362500 | V11: 10800000 | W11: =IF(AND(ISNUMBER(Q11),ISNUMBER(J11),J11<>0),Q11/J11,"") -> 328.125 | X11: =IF(ISNUMBER(W11),W11/Assumptions!$B$12,"") -> 334.82143 | Z11: =IF(ISNUMBER(Y11),IF(Y11<=90,"Yes","No – high temp"),"Unknown") -> Unknown | AA11: =IF(AND(ISNUMBER(W11),Z11="Yes"),W11/Assumptions!$B$13,"N/A") -> N/A | AB11: =IF(COUNTIFS($A$5:$A$22,A11,$D$5:$D$22,D11,$M$5:$M$22,M11)>1,"Check – possible shared heater","") -> Check – possible shared heater | AC11: Printing and laminating rows report identical capacity/fuel figures — likely ONE central thermic-fluid heater serving both processes, not two. See Plant_Summary note; do not sum naively.
A12: Uday Shree Print Pack Pvt Ltd | B12: Printing | C12: Hot air generator | D12: Electric | F12: 144 | G12: =IF(F12<>"",F12,IF(E12<>"",E12*Assumptions!$B$8,"")) -> 144 | H12: Variable / Don't know | I12: =IF(H12="50–75%",Assumptions!$B$14,IF(H12="75–100%",Assumptions!$B$15,IF(H12="Variable / Don't know",Assumptions!$B$16,""))) -> 0.5 | J12: 20 | O12: =IF(D12="Diesel",L12*Assumptions!$B$5,IF(D12="Pellet",M12*Assumptions!$B$6,IF(D12="Rice Husk",M12*Assumptions!$B$7,IF(D12="Electric",N12,"")))) -> 0 | P12: =IF(D12="Electric",Assumptions!$B$12,IF(D12="Pellet",Assumptions!$B$9,IF(D12="Rice Husk",Assumptions!$B$10,IF(D12="Diesel",Assumptions!$B$11,"")))) -> 0.98 | Q12: =IF(AND(ISNUMBER(O12),ISNUMBER(P12)),O12*P12,"") | R12: =IF(AND(ISNUMBER(G12),ISNUMBER(J12),ISNUMBER(I12)),G12*J12*I12,"") -> 1440 | S12: =IFERROR(Q12/R12,"") | T12: =IF(S12="","insufficient data",IF(OR(S12>1.3,S12<0.05),"CHECK – implausible vs rated capacity","plausible")) -> insufficient data | U12: =IF(AND(ISNUMBER(Q12),ISNUMBER(K12)),Q12*K12,"") | V12: NaN | W12: =IF(AND(ISNUMBER(Q12),ISNUMBER(J12),J12<>0),Q12/J12,"") | X12: =IF(ISNUMBER(W12),W12/Assumptions!$B$12,"") | Z12: =IF(ISNUMBER(Y12),IF(Y12<=90,"Yes","No – high temp"),"Unknown") -> Unknown | AA12: =IF(AND(ISNUMBER(W12),Z12="Yes"),W12/Assumptions!$B$13,"N/A") -> N/A | AB12: =IF(COUNTIFS($A$5:$A$22,A12,$D$5:$D$22,D12,$M$5:$M$22,M12)>1,"Check – possible shared heater","") | AC12: Submission largely incomplete (production, cost, temperature missing). Follow up before including in totals.
A13: Galaxy Packaging | B13: Printing | C13: Hot air generator | D13: Pellet | E13: 600000 | G13: =IF(F13<>"",F13,IF(E13<>"",E13*Assumptions!$B$8,"")) -> 697.8 | H13: 50–75% | I13: =IF(H13="50–75%",Assumptions!$B$14,IF(H13="75–100%",Assumptions!$B$15,IF(H13="Variable / Don't know",Assumptions!$B$16,""))) -> 0.625 | J13: 24 | K13: 300 | M13: 1200 | O13: =IF(D13="Diesel",L13*Assumptions!$B$5,IF(D13="Pellet",M13*Assumptions!$B$6,IF(D13="Rice Husk",M13*Assumptions!$B$7,IF(D13="Electric",N13,"")))) -> 5640 | P13: =IF(D13="Electric",Assumptions!$B$12,IF(D13="Pellet",Assumptions!$B$9,IF(D13="Rice Husk",Assumptions!$B$10,IF(D13="Diesel",Assumptions!$B$11,"")))) -> 0.8 | Q13: =IF(AND(ISNUMBER(O13),ISNUMBER(P13)),O13*P13,"") -> 4512 | R13: =IF(AND(ISNUMBER(G13),ISNUMBER(J13),ISNUMBER(I13)),G13*J13*I13,"") -> 10467 | S13: =IFERROR(Q13/R13,"") -> 0.43106907 | T13: =IF(S13="","insufficient data",IF(OR(S13>1.3,S13<0.05),"CHECK – implausible vs rated capacity","plausible")) -> plausible | U13: =IF(AND(ISNUMBER(Q13),ISNUMBER(K13)),Q13*K13,"") -> 1353600 | V13: 9000000 | W13: =IF(AND(ISNUMBER(Q13),ISNUMBER(J13),J13<>0),Q13/J13,"") -> 188 | X13: =IF(ISNUMBER(W13),W13/Assumptions!$B$12,"") -> 191.83673 | Y13: 55 | Z13: =IF(ISNUMBER(Y13),IF(Y13<=90,"Yes","No – high temp"),"Unknown") -> Yes | AA13: =IF(AND(ISNUMBER(W13),Z13="Yes"),W13/Assumptions!$B$13,"N/A") -> 67.142857 | AB13: =IF(COUNTIFS($A$5:$A$22,A13,$D$5:$D$22,D13,$M$5:$M$22,M13)>1,"Check – possible shared heater","")
A14: Galaxy Packaging | B14: Printing | C14: Hot air generator | D14: Pellet | E14: 300000 | G14: =IF(F14<>"",F14,IF(E14<>"",E14*Assumptions!$B$8,"")) -> 348.9 | H14: 50–75% | I14: =IF(H14="50–75%",Assumptions!$B$14,IF(H14="75–100%",Assumptions!$B$15,IF(H14="Variable / Don't know",Assumptions!$B$16,""))) -> 0.625 | J14: 24 | K14: 300 | M14: 400 | O14: =IF(D14="Diesel",L14*Assumptions!$B$5,IF(D14="Pellet",M14*Assumptions!$B$6,IF(D14="Rice Husk",M14*Assumptions!$B$7,IF(D14="Electric",N14,"")))) -> 1880 | P14: =IF(D14="Electric",Assumptions!$B$12,IF(D14="Pellet",Assumptions!$B$9,IF(D14="Rice Husk",Assumptions!$B$10,IF(D14="Diesel",Assumptions!$B$11,"")))) -> 0.8 | Q14: =IF(AND(ISNUMBER(O14),ISNUMBER(P14)),O14*P14,"") -> 1504 | R14: =IF(AND(ISNUMBER(G14),ISNUMBER(J14),ISNUMBER(I14)),G14*J14*I14,"") -> 5233.5 | S14: =IFERROR(Q14/R14,"") -> 0.28737938 | T14: =IF(S14="","insufficient data",IF(OR(S14>1.3,S14<0.05),"CHECK – implausible vs rated capacity","plausible")) -> plausible | U14: =IF(AND(ISNUMBER(Q14),ISNUMBER(K14)),Q14*K14,"") -> 451200 | V14: 3000000 | W14: =IF(AND(ISNUMBER(Q14),ISNUMBER(J14),J14<>0),Q14/J14,"") -> 62.666667 | X14: =IF(ISNUMBER(W14),W14/Assumptions!$B$12,"") -> 63.945578 | Z14: =IF(ISNUMBER(Y14),IF(Y14<=90,"Yes","No – high temp"),"Unknown") -> Unknown | AA14: =IF(AND(ISNUMBER(W14),Z14="Yes"),W14/Assumptions!$B$13,"N/A") -> N/A | AB14: =IF(COUNTIFS($A$5:$A$22,A14,$D$5:$D$22,D14,$M$5:$M$22,M14)>1,"Check – possible shared heater","")
A15: Galaxy Packaging | B15: Printing | C15: Hot air generator | D15: Electric | F15: 150 | G15: =IF(F15<>"",F15,IF(E15<>"",E15*Assumptions!$B$8,"")) -> 150 | H15: Variable / Don't know | I15: =IF(H15="50–75%",Assumptions!$B$14,IF(H15="75–100%",Assumptions!$B$15,IF(H15="Variable / Don't know",Assumptions!$B$16,""))) -> 0.5 | J15: 12 | K15: 300 | O15: =IF(D15="Diesel",L15*Assumptions!$B$5,IF(D15="Pellet",M15*Assumptions!$B$6,IF(D15="Rice Husk",M15*Assumptions!$B$7,IF(D15="Electric",N15,"")))) -> 0 | P15: =IF(D15="Electric",Assumptions!$B$12,IF(D15="Pellet",Assumptions!$B$9,IF(D15="Rice Husk",Assumptions!$B$10,IF(D15="Diesel",Assumptions!$B$11,"")))) -> 0.98 | Q15: =IF(AND(ISNUMBER(O15),ISNUMBER(P15)),O15*P15,"") | R15: =IF(AND(ISNUMBER(G15),ISNUMBER(J15),ISNUMBER(I15)),G15*J15*I15,"") -> 900 | S15: =IFERROR(Q15/R15,"") | T15: =IF(S15="","insufficient data",IF(OR(S15>1.3,S15<0.05),"CHECK – implausible vs rated capacity","plausible")) -> insufficient data | U15: =IF(AND(ISNUMBER(Q15),ISNUMBER(K15)),Q15*K15,"") | V15: NaN | W15: =IF(AND(ISNUMBER(Q15),ISNUMBER(J15),J15<>0),Q15/J15,"") | X15: =IF(ISNUMBER(W15),W15/Assumptions!$B$12,"") | Z15: =IF(ISNUMBER(Y15),IF(Y15<=90,"Yes","No – high temp"),"Unknown") -> Unknown | AA15: =IF(AND(ISNUMBER(W15),Z15="Yes"),W15/Assumptions!$B$13,"N/A") -> N/A | AB15: =IF(COUNTIFS($A$5:$A$22,A15,$D$5:$D$22,D15,$M$5:$M$22,M15)>1,"Check – possible shared heater","")
A16: Chandika Print Pack | B16: Laminating | C16: Hot air generator | D16: Electric | F16: 30 | G16: =IF(F16<>"",F16,IF(E16<>"",E16*Assumptions!$B$8,"")) -> 30 | H16: 50–75% | I16: =IF(H16="50–75%",Assumptions!$B$14,IF(H16="75–100%",Assumptions!$B$15,IF(H16="Variable / Don't know",Assumptions!$B$16,""))) -> 0.625 | J16: 10 | K16: 300 | N16: 15 | O16: =IF(D16="Diesel",L16*Assumptions!$B$5,IF(D16="Pellet",M16*Assumptions!$B$6,IF(D16="Rice Husk",M16*Assumptions!$B$7,IF(D16="Electric",N16,"")))) -> 15 | P16: =IF(D16="Electric",Assumptions!$B$12,IF(D16="Pellet",Assumptions!$B$9,IF(D16="Rice Husk",Assumptions!$B$10,IF(D16="Diesel",Assumptions!$B$11,"")))) -> 0.98 | Q16: =IF(AND(ISNUMBER(O16),ISNUMBER(P16)),O16*P16,"") -> 14.7 | R16: =IF(AND(ISNUMBER(G16),ISNUMBER(J16),ISNUMBER(I16)),G16*J16*I16,"") -> 187.5 | S16: =IFERROR(Q16/R16,"") -> 0.0784 | T16: =IF(S16="","insufficient data",IF(OR(S16>1.3,S16<0.05),"CHECK – implausible vs rated capacity","plausible")) -> plausible | U16: =IF(AND(ISNUMBER(Q16),ISNUMBER(K16)),Q16*K16,"") -> 4410 | V16: 45000 | W16: =IF(AND(ISNUMBER(Q16),ISNUMBER(J16),J16<>0),Q16/J16,"") -> 1.47 | X16: =IF(ISNUMBER(W16),W16/Assumptions!$B$12,"") -> 1.5 | Y16: 55 | Z16: =IF(ISNUMBER(Y16),IF(Y16<=90,"Yes","No – high temp"),"Unknown") -> Yes | AA16: =IF(AND(ISNUMBER(W16),Z16="Yes"),W16/Assumptions!$B$13,"N/A") -> 0.525 | AB16: =IF(COUNTIFS($A$5:$A$22,A16,$D$5:$D$22,D16,$M$5:$M$22,M16)>1,"Check – possible shared heater","")
A17: Shree Polythene and Plastic udhyog | B17: Laminating | C17: Thermic oil | D17: Electric | F17: 20 | G17: =IF(F17<>"",F17,IF(E17<>"",E17*Assumptions!$B$8,"")) -> 20 | H17: 50–75% | I17: =IF(H17="50–75%",Assumptions!$B$14,IF(H17="75–100%",Assumptions!$B$15,IF(H17="Variable / Don't know",Assumptions!$B$16,""))) -> 0.625 | J17: 8 | K17: 290 | N17: 15 | O17: =IF(D17="Diesel",L17*Assumptions!$B$5,IF(D17="Pellet",M17*Assumptions!$B$6,IF(D17="Rice Husk",M17*Assumptions!$B$7,IF(D17="Electric",N17,"")))) -> 15 | P17: =IF(D17="Electric",Assumptions!$B$12,IF(D17="Pellet",Assumptions!$B$9,IF(D17="Rice Husk",Assumptions!$B$10,IF(D17="Diesel",Assumptions!$B$11,"")))) -> 0.98 | Q17: =IF(AND(ISNUMBER(O17),ISNUMBER(P17)),O17*P17,"") -> 14.7 | R17: =IF(AND(ISNUMBER(G17),ISNUMBER(J17),ISNUMBER(I17)),G17*J17*I17,"") -> 100 | S17: =IFERROR(Q17/R17,"") -> 0.147 | T17: =IF(S17="","insufficient data",IF(OR(S17>1.3,S17<0.05),"CHECK – implausible vs rated capacity","plausible")) -> plausible | U17: =IF(AND(ISNUMBER(Q17),ISNUMBER(K17)),Q17*K17,"") -> 4263 | V17: 43500 | W17: =IF(AND(ISNUMBER(Q17),ISNUMBER(J17),J17<>0),Q17/J17,"") -> 1.8375 | X17: =IF(ISNUMBER(W17),W17/Assumptions!$B$12,"") -> 1.875 | Y17: 50 | Z17: =IF(ISNUMBER(Y17),IF(Y17<=90,"Yes","No – high temp"),"Unknown") -> Yes | AA17: =IF(AND(ISNUMBER(W17),Z17="Yes"),W17/Assumptions!$B$13,"N/A") -> 0.65625 | AB17: =IF(COUNTIFS($A$5:$A$22,A17,$D$5:$D$22,D17,$M$5:$M$22,M17)>1,"Check – possible shared heater","")
A18: National Plastic Industry | B18: Laminating | C18: Thermic oil | D18: Electric | F18: 25 | G18: =IF(F18<>"",F18,IF(E18<>"",E18*Assumptions!$B$8,"")) -> 25 | H18: 50–75% | I18: =IF(H18="50–75%",Assumptions!$B$14,IF(H18="75–100%",Assumptions!$B$15,IF(H18="Variable / Don't know",Assumptions!$B$16,""))) -> 0.625 | J18: 8 | K18: 300 | N18: 12 | O18: =IF(D18="Diesel",L18*Assumptions!$B$5,IF(D18="Pellet",M18*Assumptions!$B$6,IF(D18="Rice Husk",M18*Assumptions!$B$7,IF(D18="Electric",N18,"")))) -> 12 | P18: =IF(D18="Electric",Assumptions!$B$12,IF(D18="Pellet",Assumptions!$B$9,IF(D18="Rice Husk",Assumptions!$B$10,IF(D18="Diesel",Assumptions!$B$11,"")))) -> 0.98 | Q18: =IF(AND(ISNUMBER(O18),ISNUMBER(P18)),O18*P18,"") -> 11.76 | R18: =IF(AND(ISNUMBER(G18),ISNUMBER(J18),ISNUMBER(I18)),G18*J18*I18,"") -> 125 | S18: =IFERROR(Q18/R18,"") -> 0.09408 | T18: =IF(S18="","insufficient data",IF(OR(S18>1.3,S18<0.05),"CHECK – implausible vs rated capacity","plausible")) -> plausible | U18: =IF(AND(ISNUMBER(Q18),ISNUMBER(K18)),Q18*K18,"") -> 3528 | V18: 34560 | W18: =IF(AND(ISNUMBER(Q18),ISNUMBER(J18),J18<>0),Q18/J18,"") -> 1.47 | X18: =IF(ISNUMBER(W18),W18/Assumptions!$B$12,"") -> 1.5 | Y18: 45 | Z18: =IF(ISNUMBER(Y18),IF(Y18<=90,"Yes","No – high temp"),"Unknown") -> Yes | AA18: =IF(AND(ISNUMBER(W18),Z18="Yes"),W18/Assumptions!$B$13,"N/A") -> 0.525 | AB18: =IF(COUNTIFS($A$5:$A$22,A18,$D$5:$D$22,D18,$M$5:$M$22,M18)>1,"Check – possible shared heater","")
A19: Godawari Printng | B19: Laminating | C19: Thermic oil | D19: Electric | F19: 28 | G19: =IF(F19<>"",F19,IF(E19<>"",E19*Assumptions!$B$8,"")) -> 28 | H19: 50–75% | I19: =IF(H19="50–75%",Assumptions!$B$14,IF(H19="75–100%",Assumptions!$B$15,IF(H19="Variable / Don't know",Assumptions!$B$16,""))) -> 0.625 | J19: 10 | K19: 285 | N19: 1096 | O19: =IF(D19="Diesel",L19*Assumptions!$B$5,IF(D19="Pellet",M19*Assumptions!$B$6,IF(D19="Rice Husk",M19*Assumptions!$B$7,IF(D19="Electric",N19,"")))) -> 1096 | P19: =IF(D19="Electric",Assumptions!$B$12,IF(D19="Pellet",Assumptions!$B$9,IF(D19="Rice Husk",Assumptions!$B$10,IF(D19="Diesel",Assumptions!$B$11,"")))) -> 0.98 | Q19: =IF(AND(ISNUMBER(O19),ISNUMBER(P19)),O19*P19,"") -> 1074.08 | R19: =IF(AND(ISNUMBER(G19),ISNUMBER(J19),ISNUMBER(I19)),G19*J19*I19,"") -> 175 | S19: =IFERROR(Q19/R19,"") -> 6.1376 | T19: =IF(S19="","insufficient data",IF(OR(S19>1.3,S19<0.05),"CHECK – implausible vs rated capacity","plausible")) -> CHECK – implausible vs rated capacity | U19: =IF(AND(ISNUMBER(Q19),ISNUMBER(K19)),Q19*K19,"") -> 306112.8 | V19: 2998656 | W19: =IF(AND(ISNUMBER(Q19),ISNUMBER(J19),J19<>0),Q19/J19,"") -> 107.408 | X19: =IF(ISNUMBER(W19),W19/Assumptions!$B$12,"") -> 109.6 | Y19: 48 | Z19: =IF(ISNUMBER(Y19),IF(Y19<=90,"Yes","No – high temp"),"Unknown") -> Yes | AA19: =IF(AND(ISNUMBER(W19),Z19="Yes"),W19/Assumptions!$B$13,"N/A") -> 38.36 | AB19: =IF(COUNTIFS($A$5:$A$22,A19,$D$5:$D$22,D19,$M$5:$M$22,M19)>1,"Check – possible shared heater","") | AC19: Reported 1,096 kWh/day against a 28 kW nameplate — physically impossible even at 24h/day. Re-verify meter reading before use.
A20: Sona Packaging | B20: Laminating | C20: Thermic oil | D20: Rice Husk | E20: 1000000 | G20: =IF(F20<>"",F20,IF(E20<>"",E20*Assumptions!$B$8,"")) -> 1163 | H20: 50–75% | I20: =IF(H20="50–75%",Assumptions!$B$14,IF(H20="75–100%",Assumptions!$B$15,IF(H20="Variable / Don't know",Assumptions!$B$16,""))) -> 0.625 | J20: 24 | K20: 300 | M20: 3000 | O20: =IF(D20="Diesel",L20*Assumptions!$B$5,IF(D20="Pellet",M20*Assumptions!$B$6,IF(D20="Rice Husk",M20*Assumptions!$B$7,IF(D20="Electric",N20,"")))) -> 11250 | P20: =IF(D20="Electric",Assumptions!$B$12,IF(D20="Pellet",Assumptions!$B$9,IF(D20="Rice Husk",Assumptions!$B$10,IF(D20="Diesel",Assumptions!$B$11,"")))) -> 0.7 | Q20: =IF(AND(ISNUMBER(O20),ISNUMBER(P20)),O20*P20,"") -> 7875 | R20: =IF(AND(ISNUMBER(G20),ISNUMBER(J20),ISNUMBER(I20)),G20*J20*I20,"") -> 17445 | S20: =IFERROR(Q20/R20,"") -> 0.45141874 | T20: =IF(S20="","insufficient data",IF(OR(S20>1.3,S20<0.05),"CHECK – implausible vs rated capacity","plausible")) -> plausible | U20: =IF(AND(ISNUMBER(Q20),ISNUMBER(K20)),Q20*K20,"") -> 2362500 | V20: 10800000 | W20: =IF(AND(ISNUMBER(Q20),ISNUMBER(J20),J20<>0),Q20/J20,"") -> 328.125 | X20: =IF(ISNUMBER(W20),W20/Assumptions!$B$12,"") -> 334.82143 | Z20: =IF(ISNUMBER(Y20),IF(Y20<=90,"Yes","No – high temp"),"Unknown") -> Unknown | AA20: =IF(AND(ISNUMBER(W20),Z20="Yes"),W20/Assumptions!$B$13,"N/A") -> N/A | AB20: =IF(COUNTIFS($A$5:$A$22,A20,$D$5:$D$22,D20,$M$5:$M$22,M20)>1,"Check – possible shared heater","") -> Check – possible shared heater | AC20: Printing and laminating rows report identical capacity/fuel figures — likely ONE central thermic-fluid heater serving both processes, not two. See Plant_Summary note; do not sum naively.
A21: Uday Shree Print Pack Pvt Ltd | B21: Laminating | C21: Thermic oil | D21: Electric | G21: =IF(F21<>"",F21,IF(E21<>"",E21*Assumptions!$B$8,"")) | H21: Variable / Don't know | I21: =IF(H21="50–75%",Assumptions!$B$14,IF(H21="75–100%",Assumptions!$B$15,IF(H21="Variable / Don't know",Assumptions!$B$16,""))) -> 0.5 | J21: 12 | N21: 1200 | O21: =IF(D21="Diesel",L21*Assumptions!$B$5,IF(D21="Pellet",M21*Assumptions!$B$6,IF(D21="Rice Husk",M21*Assumptions!$B$7,IF(D21="Electric",N21,"")))) -> 1200 | P21: =IF(D21="Electric",Assumptions!$B$12,IF(D21="Pellet",Assumptions!$B$9,IF(D21="Rice Husk",Assumptions!$B$10,IF(D21="Diesel",Assumptions!$B$11,"")))) -> 0.98 | Q21: =IF(AND(ISNUMBER(O21),ISNUMBER(P21)),O21*P21,"") -> 1176 | R21: =IF(AND(ISNUMBER(G21),ISNUMBER(J21),ISNUMBER(I21)),G21*J21*I21,"") | S21: =IFERROR(Q21/R21,"") | T21: =IF(S21="","insufficient data",IF(OR(S21>1.3,S21<0.05),"CHECK – implausible vs rated capacity","plausible")) -> insufficient data | U21: =IF(AND(ISNUMBER(Q21),ISNUMBER(K21)),Q21*K21,"") | V21: NaN | W21: =IF(AND(ISNUMBER(Q21),ISNUMBER(J21),J21<>0),Q21/J21,"") -> 98 | X21: =IF(ISNUMBER(W21),W21/Assumptions!$B$12,"") -> 100 | Z21: =IF(ISNUMBER(Y21),IF(Y21<=90,"Yes","No – high temp"),"Unknown") -> Unknown | AA21: =IF(AND(ISNUMBER(W21),Z21="Yes"),W21/Assumptions!$B$13,"N/A") -> N/A | AB21: =IF(COUNTIFS($A$5:$A$22,A21,$D$5:$D$22,D21,$M$5:$M$22,M21)>1,"Check – possible shared heater","") | AC21: Submission largely incomplete (production, cost, temperature missing). Follow up before including in totals.
A22: Galaxy Packaging | B22: Laminating | C22: Hot air generator | D22: Pellet | E22: 100000 | G22: =IF(F22<>"",F22,IF(E22<>"",E22*Assumptions!$B$8,"")) -> 116.3 | I22: =IF(H22="50–75%",Assumptions!$B$14,IF(H22="75–100%",Assumptions!$B$15,IF(H22="Variable / Don't know",Assumptions!$B$16,""))) | J22: 12 | K22: 300 | M22: 150 | O22: =IF(D22="Diesel",L22*Assumptions!$B$5,IF(D22="Pellet",M22*Assumptions!$B$6,IF(D22="Rice Husk",M22*Assumptions!$B$7,IF(D22="Electric",N22,"")))) -> 705 | P22: =IF(D22="Electric",Assumptions!$B$12,IF(D22="Pellet",Assumptions!$B$9,IF(D22="Rice Husk",Assumptions!$B$10,IF(D22="Diesel",Assumptions!$B$11,"")))) -> 0.8 | Q22: =IF(AND(ISNUMBER(O22),ISNUMBER(P22)),O22*P22,"") -> 564 | R22: =IF(AND(ISNUMBER(G22),ISNUMBER(J22),ISNUMBER(I22)),G22*J22*I22,"") | S22: =IFERROR(Q22/R22,"") | T22: =IF(S22="","insufficient data",IF(OR(S22>1.3,S22<0.05),"CHECK – implausible vs rated capacity","plausible")) -> insufficient data | U22: =IF(AND(ISNUMBER(Q22),ISNUMBER(K22)),Q22*K22,"") -> 169200 | V22: 1125000 | W22: =IF(AND(ISNUMBER(Q22),ISNUMBER(J22),J22<>0),Q22/J22,"") -> 47 | X22: =IF(ISNUMBER(W22),W22/Assumptions!$B$12,"") -> 47.959184 | Y22: 55 | Z22: =IF(ISNUMBER(Y22),IF(Y22<=90,"Yes","No – high temp"),"Unknown") -> Yes | AA22: =IF(AND(ISNUMBER(W22),Z22="Yes"),W22/Assumptions!$B$13,"N/A") -> 16.785714 | AB22: =IF(COUNTIFS($A$5:$A$22,A22,$D$5:$D$22,D22,$M$5:$M$22,M22)>1,"Check – possible shared heater","")

Sheet Plant_Summary
A1: Plant-Level Summary
A2: Rolled up from Cleaned_Units (naive sum — see notes column for plants needing manual de-duplication).
A4: Industry | B4: Total thermal capacity (kW, naive sum) | C4: Total annual thermal energy (kWh/yr, naive sum) | D4: Total electric-equivalent added load (kW, resistive) | E4: Existing transformer capacity | F4: Max demand last year | G4: Approx. headroom | H4: Added load vs. headroom | I4: Spare capacity reported? | J4: Grid reliability | K4: Note
A5: Chandika Print Pack | B5: =SUMIFS(Cleaned_Units!$G$5:$G$22,Cleaned_Units!$A$5:$A$22,A5) -> 173.15 | C5: =SUMIFS(Cleaned_Units!$U$5:$U$22,Cleaned_Units!$A$5:$A$22,A5) -> 79440 | D5: =SUMIFS(Cleaned_Units!$X$5:$X$22,Cleaned_Units!$A$5:$A$22,A5) -> 27.020408 | E5: 350 | F5: 300 | G5: =IFERROR(E5-F5,"") -> 50 | H5: =IF(G5="","insufficient data",IF(D5<=G5,"Likely fits existing headroom","Likely needs capacity upgrade")) -> Likely fits existing headroom | I5: Yes | J5: Reliable
A6: Shree Polythene and Plastic udhyog | B6: =SUMIFS(Cleaned_Units!$G$5:$G$22,Cleaned_Units!$A$5:$A$22,A6) -> 168.15 | C6: =SUMIFS(Cleaned_Units!$U$5:$U$22,Cleaned_Units!$A$5:$A$22,A6) -> 36569 | D6: =SUMIFS(Cleaned_Units!$X$5:$X$22,Cleaned_Units!$A$5:$A$22,A6) -> 13.242347 | E6: 500 | F6: 400 | G6: =IFERROR(E6-F6,"") -> 100 | H6: =IF(G6="","insufficient data",IF(D6<=G6,"Likely fits existing headroom","Likely needs capacity upgrade")) -> Likely fits existing headroom | I6: Yes | J6: Reliable
A7: National Plastic Industry | B7: =SUMIFS(Cleaned_Units!$G$5:$G$22,Cleaned_Units!$A$5:$A$22,A7) -> 105 | C7: =SUMIFS(Cleaned_Units!$U$5:$U$22,Cleaned_Units!$A$5:$A$22,A7) -> 11760 | D7: =SUMIFS(Cleaned_Units!$X$5:$X$22,Cleaned_Units!$A$5:$A$22,A7) -> 4.3 | E7: 500 | F7: 250 | G7: =IFERROR(E7-F7,"") -> 250 | H7: =IF(G7="","insufficient data",IF(D7<=G7,"Likely fits existing headroom","Likely needs capacity upgrade")) -> Likely fits existing headroom | I7: Yes | J7: Reliable
A8: Godawari Printng | B8: =SUMIFS(Cleaned_Units!$G$5:$G$22,Cleaned_Units!$A$5:$A$22,A8) -> 118 | C8: =SUMIFS(Cleaned_Units!$U$5:$U$22,Cleaned_Units!$A$5:$A$22,A8) -> 316726.2 | D8: =SUMIFS(Cleaned_Units!$X$5:$X$22,Cleaned_Units!$A$5:$A$22,A8) -> 113.4 | E8: 200 | F8: 180 | G8: =IFERROR(E8-F8,"") -> 20 | H8: =IF(G8="","insufficient data",IF(D8<=G8,"Likely fits existing headroom","Likely needs capacity upgrade")) -> Likely needs capacity upgrade | I8: No | J8: Reliable | K8: Laminating unit has an implausible consumption reading – re-verify before trusting this total.
A9: Sona Packaging | B9: =SUMIFS(Cleaned_Units!$G$5:$G$22,Cleaned_Units!$A$5:$A$22,A9) -> 2326 | C9: =SUMIFS(Cleaned_Units!$U$5:$U$22,Cleaned_Units!$A$5:$A$22,A9) -> 4725000 | D9: =SUMIFS(Cleaned_Units!$X$5:$X$22,Cleaned_Units!$A$5:$A$22,A9) -> 669.64286 | G9: =IFERROR(E9-F9,"") -> 0 | H9: =IF(G9="","insufficient data",IF(D9<=G9,"Likely fits existing headroom","Likely needs capacity upgrade")) -> Likely needs capacity upgrade | I9: No | J9: Moderate | K9: Printing/laminating heater figures look identical – likely ONE shared central heater double-counted here. Treat this total as an upper bound until confirmed.
A10: Uday Shree Print Pack Pvt Ltd | B10: =SUMIFS(Cleaned_Units!$G$5:$G$22,Cleaned_Units!$A$5:$A$22,A10) -> 144 | C10: =SUMIFS(Cleaned_Units!$U$5:$U$22,Cleaned_Units!$A$5:$A$22,A10) -> 0 | D10: =SUMIFS(Cleaned_Units!$X$5:$X$22,Cleaned_Units!$A$5:$A$22,A10) -> 100 | E10: 250 | F10: 200 | G10: =IFERROR(E10-F10,"") -> 50 | H10: =IF(G10="","insufficient data",IF(D10<=G10,"Likely fits existing headroom","Likely needs capacity upgrade")) -> Likely needs capacity upgrade | I10: Yes | J10: Moderate | K10: Submission mostly incomplete – totals below are partial, not representative.
A11: Galaxy Packaging | B11: =SUMIFS(Cleaned_Units!$G$5:$G$22,Cleaned_Units!$A$5:$A$22,A11) -> 1313 | C11: =SUMIFS(Cleaned_Units!$U$5:$U$22,Cleaned_Units!$A$5:$A$22,A11) -> 1974000 | D11: =SUMIFS(Cleaned_Units!$X$5:$X$22,Cleaned_Units!$A$5:$A$22,A11) -> 303.7415 | E11: 1000 | F11: 860 | G11: =IFERROR(E11-F11,"") -> 140 | H11: =IF(G11="","insufficient data",IF(D11<=G11,"Likely fits existing headroom","Likely needs capacity upgrade")) -> Likely needs capacity upgrade | I11: Yes | J11: Moderate

Sheet Data_Quality_Flags
A1: Data Quality Flags — Follow Up Before Final Modelling
A3: # | B3: Industry / scope | C3: Issue | D3: Why it matters | E3: Recommended action
A4: 1 | B4: Sona Packaging | C4: Printing-unit and laminating-unit rows report identical heater capacity, fuel type and daily consumption (1,000,000 kcal/hr, rice husk, 3,000 kg/day). | D4: Strong sign it is one central thermic-fluid loop feeding both processes, not two separate heaters. Naively summing the two rows roughly doubles the true energy and capacity figures for this plant. | E4: Confirm with the plant whether printing and laminating share one heater. If yes, use only one of the two rows in any total.
A5: 2 | B5: Godawari Printng – laminating unit | C5: 28 kW nameplate reported alongside 1,096 kWh/day consumption – exceeds the physical maximum (672 kWh/day at 24h) by ~60%. | D5: Either the capacity, the consumption reading, or a decimal/unit was mis-recorded. As-is, it will distort any per-plant energy or cost total. | E5: Re-contact the plant to re-verify both the nameplate rating and the electricity bill/meter reading for this unit.
A6: 3 | B6: Uday Shree Print Pack Pvt Ltd | C6: Production, operating days, annual fuel quantity, annual cost and required temperature are all missing. | D6: Not enough data to place this plant in the energy baseline or the techno-economic model yet. | E6: Follow up to complete the submission before including this plant in Phase 1 onward.
A7: 4 | B7: All plants | C7: "Daily production?" has no stated unit in the survey (values recorded: 800–15,000). | D7: Needed to compute specific energy consumption (kWh per kg of product), the most defensible cross-plant benchmark and the basis for extrapolating to the wider sector. | E7: Add a unit to this survey question (confirm kg/day vs. another unit) before the next round of data collection.
A8: 5 | B8: 2 units (Uday Shree printing; Galaxy Packaging printing unit 3) | C8: Load band recorded as "Variable / Don't know". | D8: The energy and cost figures for these units currently rely on a conservative default 50% load assumption rather than a real reading. | E8: Prioritise these units for a short metered spot-check rather than relying on the survey answer.
A9: 6 | B9: Whole dataset | C9: Only 7 industries submitted so far. | D9: Fine for the inception/pilot stage, but any sector-wide extrapolation now would carry wide uncertainty bands. | E9: Treat Phase 1–4 outputs as provisional until the fuller inventory (per the ToR's industry-mapping step) is surveyed.
